AS0,Reserved (ietf),0.00,0.00,873,
AS2,UDEL-DCN - University of Delaware,0.00,0.00,165,
AS3,MIT-GATEWAYS - Massachusetts Institute of Technology,,,1,
AS3,MIT-GATEWAYS - Massachusetts Institute of Technology,0.00,0.00,1,
AS3382,ERX-JUITA-UINET University of Indonesia,0.00,0.00,894,
AS3583,ERX-IPTEK-ASN BPP Teknologi Networks Manager,0.00,0.00,181,
AS4382,INDONUSA-ID PT. Indonusa System Integrator Prima,0.00,0.00,518,
AS4434,ERX-RADNET1-AS PT Rahajasa Media Internet,0.00,0.00,3889,
AS4637,ASN-TELSTRA-GLOBAL Telstra Global,0.00,0.00,269,
AS4761,INDOSAT-INP-AP INDOSAT Internet Network Provider,0.03,0.00,676470,
AS4787,ASN-CBN PT Cyberindo Aditama,0.76,0.70,38521,
AS4795,INDOSATM2-ID INDOSATM2 ASN,42.55,40.39,27587,
AS4796,BANDUNG-NET-AS-AP Institute of Technology Bandung,83.21,1.83,6272,
AS4800,LINTASARTA-AS-AP Network Access Provider and Internet Service Provider,1.58,1.52,19944,
AS4821,SINERGINET-AS-ID PT Sinergi Semesta Telematika,0.00,0.00,127,
AS4832,INTERNUXNET-AS-ID PT. iNterNUX,0.01,0.00,153411,
AS4833,GAHARU-AS-ID PT. Gaharu Sejahtera,,,2,
AS4833,GAHARU-AS-ID PT. Gaharu Sejahtera,0.00,0.00,2,
AS4855,PI-ID-AS-AP Pacific Link Indonesia,0.00,0.00,338,
AS7713,TELKOMNET-AS-AP PT Telekomunikasi Indonesia,0.00,0.00,111,
AS9228,CENTRALONLINE-ID-AS-AP PT. Total Info Kharisma,0.00,0.00,1859,
AS9326,CENTRIN-AS-AP PT Centrin Utama,0.00,0.00,2334,
AS9340,INDONET-AS-AP INDO Internet, PT,0.00,0.00,3990,
AS9341,ICONPLN-ID-AP PT Indonesia Comnets Plus,0.00,0.00,16005,
AS9422,SOLNET-ID PT SOLNET INDONESIA,0.00,0.00,11774,
AS9462,BOLEH-NET-AP BOLEHNET-ASN,,,21,
AS9462,BOLEH-NET-AP BOLEHNET-ASN,0.00,0.00,21,
AS9657,MELSANET-ID-AP Melsa-i-net AS,0.06,0.06,6819,
AS9785,JASATELNET-AS-ID Jasa Terpadu Telematika (Jasatel),0.00,0.00,1370,
AS9794,DNET-ID-AP PT. Core Mediatech (D-NET),0.00,0.00,1303,
AS9875,PESAT1-AS-AP PT. Pasifik Satelit Nusantara,0.27,0.21,1861,
AS9905,LINKNET-ID-AP Linknet ASN,0.00,0.00,31661,
AS10137,PATRANET-AP Patrakom Internet Service Provider,13.84,5.03,159,
AS10208,THENET-AS-ID-AP PT. Millenium Internetindo,0.00,0.00,84,
AS10217,NTT-NET-ID-AS PT. NTT Indonesia,0.05,0.05,1983,
AS10220,SNET-ID-AP PT. Sejahtera Globalindo,0.00,0.00,148,
AS16276,OVH,,,1,
AS16276,OVH,0.00,0.00,1,
AS17450,ANGKASA-KOMUNIKASI-ID PT Angkasa Komunikasi Global Utama,,,16,
AS17450,ANGKASA-KOMUNIKASI-ID PT Angkasa Komunikasi Global Utama,0.00,0.00,16,
AS17451,BIZNET-AS-AP BIZNET NETWORKS,0.10,0.09,184970,
AS17538,CIRCLECOM-AS-ID-AP PT. Circlecom Nusantara Indonesia,0.00,0.00,1120,
AS17553,IPBNET-AS-AP Bogor Agricultural University,0.27,0.18,2227,
AS17658,PRIMANET-AS PrimaNet - PT. Khasanah Timur Indonesia,0.00,0.00,7070,
AS17670,INFOKOM-AS PT.Infokom Elektrindo,0.00,0.00,162630,
AS17671,ASN-JETCOMS JETCOMS-ID Autonomous system,0.00,0.00,1445,
AS17725,PHEONWJ-AS-ID Pertamina Hulu Energi ONWJ,,,29,
AS17725,PHEONWJ-AS-ID Pertamina Hulu Energi ONWJ,0.00,0.00,29,
AS17727,NAPINFO-AS-AP PT. NAP Info Lintas Nusa,0.00,0.00,1048,
AS17769,CITYNET-AP PT Indopratama Teleglobal (ISP)Wisma BSG Floor 6,,,27,
AS17769,CITYNET-AP PT Indopratama Teleglobal (ISP)Wisma BSG Floor 6,0.00,0.00,27,
AS17826,SATATANET-ID Jl. Raya Pasar Minggu no 99D,0.00,0.00,548,
AS17884,UNINET-AP PT. Uninet Media Sakti (ISP),0.04,0.00,2317,
AS17885,JKTXLNET-AS-AP PT Excelcomindo Pratama,0.00,0.00,1681,
AS17910,TIGAKOM-AS-ID PT. Tigatra Infokom,0.00,0.00,688,
AS17995,SOLUSINET-AS-ID PT iForte Global Internet,0.37,0.00,4607,
AS17996,UIINET-ID-AP PT Global Prima Utama,0.65,0.65,1072,
AS18004,WIRELESSNET-ID PT WIRELESS INDONESIA ( WIN ),0.02,0.00,266373,
AS18007,INHERENT-AS-ID-AP INHERENT,,,24,
AS18007,INHERENT-AS-ID-AP INHERENT,0.00,0.00,24,
AS18051,JARDIKNAS-AS-AP Pustekkom,0.00,0.00,522,
AS18052,ASIAKOMNET-ID-AP Asiakomnet Multimedia, PT,,,25,
AS18052,ASIAKOMNET-ID-AP Asiakomnet Multimedia, PT,0.00,0.00,25,
AS18056,ABADINET-AS-AP Pt Mithaharum Abadi,0.00,0.00,285,
AS18059,DTPNET-AS-AP DTPNET NAP,0.00,0.00,3540,
AS18103,NEUVIZ-AS-ID-AP Neuviz Net,0.01,0.01,18188,
AS18112,KSNET-ID-AS-AP PT. Sejuta Jaring Global,,,37,
AS18112,KSNET-ID-AS-AP PT. Sejuta Jaring Global,0.00,0.00,37,
AS18153,MULTIDATA-ID-AP PT Multidata Rancana Prima,0.00,0.00,305,
AS18156,BITNET-ID-AP BITNET ISP AS,0.00,0.00,464,
AS18365,GRAMEDIA-ID GRAMEDIA, PT.,0.00,0.00,738,
AS18379,CSMNAP-AS-AP CSMNAP-ASN,,,9,
AS18379,CSMNAP-AS-AP CSMNAP-ASN,0.00,0.00,9,
AS18393,JAVA-AS-AP Java Online, PT.,0.74,0.74,136,
AS18394,UPI-AS-ID Universitas Pendidikan Indonesia,0.00,0.00,1720,
AS18705,RIMBLACKBERRY - BlackBerry Limited,,,1,
AS18705,RIMBLACKBERRY - BlackBerry Limited,0.00,0.00,1,
AS22363,PHMGMT-AS1 - Powerhouse Management, Inc.,0.00,0.00,144,
AS23651,IDNIC-AS-ID Indonesia Network Information Center,,,1,
AS23651,IDNIC-AS-ID Indonesia Network Information Center,0.00,0.00,1,
AS23666,SISTELINDO-AS-ID PT Sistelindo Mitralintas,0.00,0.00,491,
AS23671,JMN-AS-ID Jogja Medianet,0.00,0.00,3474,
AS23679,NUSANET-AS-ID Media Antar Nusa PT.,0.01,0.01,39201,
AS23691,MITRA-NET-AS-AP PT Multi Teknologi Sejahtra,0.00,0.00,95,
AS23693,TELKOMSEL-ASN-ID PT. Telekomunikasi Selular,0.02,0.00,1110145,
AS23694,IDNIC-ICONMEDIANETWORK-AS-ID PT Iconmedia Lintas Nusantara,0.00,0.00,247,
AS23695,ELGANET-AS-ID ELGANET-ASN PT. Elga Yasa Media Internet Service,0.00,0.00,154,
AS23696,FIRSTASIANET-AS-ID PT Asia Utama.,0.00,0.00,98,
AS23698,VIPNET-AS-ID VIP.NET - Internet Service Provider,,,9,
AS23698,VIPNET-AS-ID VIP.NET - Internet Service Provider,0.00,0.00,9,
AS23699,EZNET-AS-ID IP Teknologi Komunikasi, PT.,0.00,0.00,1468,
AS23700,FASTNET-AS-ID Linknet-Fastnet ASN,0.00,0.00,1033897,
AS23756,PADINET-AS-ID PADINET - Padi Internet,0.00,0.00,2050,
AS23946,TOPNET-AS-ID PT Dunia Informasi Teknologi (TOPNET),,,10,
AS23946,TOPNET-AS-ID PT Dunia Informasi Teknologi (TOPNET),0.00,0.00,10,
AS23947,MORATELINDONAP-AS-ID PT.Mora Telematika Indonesia,0.00,0.00,23624,
AS23949,COMNET-AS-ID PT Comtronics Systems,0.00,0.00,2200,
AS23950,IDNIC-ID Indonesia Network Information Center,0.00,0.00,290,
AS23951,CITRA-AS-ID PT JEMBATAN CITRA NUSANTARA,0.15,0.15,10934,
AS23952,THAMRINNET-ISP-ID Internet Service provider PT.,,,1,
AS23952,THAMRINNET-ISP-ID Internet Service provider PT.,0.00,0.00,1,
AS23953,SCBDNET-AS-ID PT ARTHA TELEKOMINDO,0.06,0.04,5118,
AS24057,AIGL-AS-AP PT. AIA FINANCIAL, Insurance company, Indonesia,0.00,0.00,130,
AS24195,DHECYBER-AS-ID Dhecyber Flow Indonesia, PT,0.00,0.00,192,
AS24197,BIGNET-AS-ID Elka Prakarsa Utama, PT,0.00,0.00,138,
AS24199,DNK-AS-ID Dini Nusa Kusuma, P.T.,,,3,
AS24199,DNK-AS-ID Dini Nusa Kusuma, P.T.,0.00,0.00,3,
AS24200,CAKRAMEDIA-AS-ID PT. Cakramedia Indocyber,0.00,0.00,842,
AS24201,ANDALASMEDIA-AS-ID PT. Andalas Media Informatika,0.00,0.00,854,
AS24202,PAKTELNET-AS-ID PT. PASIFIKTEL INDOTAMA,0.00,0.00,61,
AS24203,NAPXLNET-AS-ID PT Excelcomindo Pratama (Network Access Provider),0.02,0.00,691876,
AS24204,SATNETCOM-AS-ID Satnetcom Balikpapan PT.,0.00,0.00,191,
AS24205,BANKPERMATA-THIS-AS-IDNIC-ID PT. Bank Permata Tbk.,0.00,0.00,80,
AS24206,CHANNEL11-AS-ID PT Cakra Lintas Nusantara,0.27,0.27,1481,
AS24207,EXPRESSNET-AS-ID PT NettoCyber Indonesia,0.01,0.01,11022,
AS24209,INTERMEDIANET-AS-ID PT. Inter Media Lintas Nusa,0.00,0.00,167,
AS24210,ANGKASAWAVE-AS-ID Angkasa Sarana Teknik Komunikasi PT,0.00,0.00,344,
AS24211,DETIK-AS-ID PT. Detik Ini JUga,7.38,7.38,922,
AS24212,JASNET-AS-ID PT. JASNITA TELEKOMINDO,0.00,0.00,162,
AS24213,ARSEN-AS-ID PT. Arsen Kusuma Indonesia,0.00,0.00,1591,
AS24519,KUSUMA-AS-ID PT Kusuma Dinatha Jaya Abadi,0.00,0.00,76,
AS24521,DATAUTAMA-NET-AS-ID PT. DATA Utama Dinamika,0.07,0.07,2818,
AS24522,GLOBALPORTNET-AS-ID PT Global Port Binekatara,0.00,0.00,175,
AS24523,ORION-AS-ID Orion Cyber Internet,0.00,0.00,4858,
AS24524,IDNIC-KALTIMPROV-AS-ID Pemerintah Daerah Provinsi Kalimantan Timur,0.00,0.00,209,
AS24525,SAP-AS-ID PT Solusi Aksesindo Pratama,0.00,0.00,1231,
AS24526,BINUS Bina Nusantara University,0.04,0.04,2270,
AS24527,DAKARANET-AS-ID Internet Service Provider,0.00,0.00,3993,
AS24529,INFOTAMA-AS-ID PT. Infotama Lintas Global,,,26,
AS24529,INFOTAMA-AS-ID PT. Infotama Lintas Global,0.00,0.00,26,
AS24530,POWERNET-AS-ID PT. Power Telecom Indonesia,0.00,0.00,2471,
AS24532,INET-AS-ID PT. Inet Global Indo,6.21,6.21,435,
AS24534,TRANSHYBRID-AS-ID PT. Transhybrid Communication,,,3,
AS24534,TRANSHYBRID-AS-ID PT. Transhybrid Communication,0.00,0.00,3,
AS24535,ISATNET-AS-ID PT.Insan Sarana Telematika,0.00,0.00,2380,
AS24536,ELNUS-AS-ID PT. Elektrindo Data Nusantara,0.00,0.00,2850,
AS31863,DACEN-2 - Centrilogic, Inc.,,,44,
AS31863,DACEN-2 - Centrilogic, Inc.,0.00,0.00,44,
AS38001,NEWMEDIAEXPRESS-AS-AP NewMedia Express Pte Ltd. Singapore Web Hosting Service Provider,0.00,0.00,206,
AS38142,UNAIR-AS-ID Universitas Airlangga,0.00,0.00,1796,
AS38143,BLUELINE-AS-ID PT. Rabik Bangun Pertiwi, PMA,0.53,0.53,190,
AS38144,JALAWAVE-AS-ID PT Jalawave Cakrawala,0.19,0.00,1580,
AS38145,PANCA-AS-ID PT. Panca Dewata Utama,0.00,0.00,1121,
AS38146,DIGINET-AS-ID DIGITAL WIRELESS INDONESIA PT.,0.00,0.00,580,
AS38147,INOVANET-AS-ID PT. Inova Duapuluh Duapuluh,,,7,
AS38147,INOVANET-AS-ID PT. Inova Duapuluh Duapuluh,0.00,0.00,7,
AS38148,QIANDRA-AS-ID QIANDRA INFORMATION TECHNOLOGY PT,0.00,0.00,845,
AS38149,RATELINDONET-AS-ID PT. Bakrie Telecom,,,26,
AS38149,RATELINDONET-AS-ID PT. Bakrie Telecom,0.00,0.00,26,
AS38150,TELNET-AS-ID PT. TIME EXCELINDO,0.26,0.26,1166,
AS38152,NEXXG-NET PT Antar Mitra Prakarsa,,,2,
AS38152,NEXXG-NET PT Antar Mitra Prakarsa,0.00,0.00,2,
AS38153,UPH-AS-ID Universitas Pelita Harapan,0.00,0.00,1157,
AS38155,AUDIANET-AS-ID Audianet Sentra Data, PT,0.00,0.00,455,
AS38156,ROUTELINK-AS-ID Internet Service Provider,0.00,0.00,732,
AS38159,JJNET-AS-ID PT Jivan Jaya Makmur Telecom,0.00,0.00,83,
AS38162,DELTA-AS-ID PT Delta Nusantara Networks,0.00,0.00,754,
AS38165,ADSNET-AS-ID PT. AMBHARA DUTA SHANTI,0.00,0.00,472,
AS38211,MCM-AS-ID PT. Mandiri Citra Makmur,,,4,
AS38211,MCM-AS-ID PT. Mandiri Citra Makmur,0.00,0.00,4,
AS38274,MEGAXUS-AS-ID-AP PT. Megaxus Infotech,0.00,0.00,62,
AS38320,MMS-AS-ID PT Maxindo Mitra Solusi, Jl Kelapa Puan Raya Blok FU 19, Jakarta,0.05,0.05,10152,
AS38331,ITS-AS-ID-AP Institut Teknologi Sepuluh Nopember,0.00,0.00,2146,
AS38490,INDOSATM2-NAP-AS-AP INDOSAT Mega Media (Internet Network Provider) Pt,0.00,0.00,834,
AS38494,BBGISA-AS-ID-AP PT. Bakrie  Brothers, Tbk,,,15,
AS38494,BBGISA-AS-ID-AP PT. Bakrie  Brothers, Tbk,0.00,0.00,15,
AS38496,CNI-AS-ID PT Cyber Network Indonesia,0.00,0.00,1813,
AS38498,BIZNET-BII-AS-ID 203.31.164.023,,,41,
AS38498,BIZNET-BII-AS-ID 203.31.164.023,0.00,0.00,41,
AS38500,CROSSNET-AS-ID PT. Cross Network Indonesia,0.00,0.00,1167,
AS38501,WAVENET-AS-ID PT Solusi Lintas Data,,,25,
AS38501,WAVENET-AS-ID PT Solusi Lintas Data,0.00,0.00,25,
AS38502,MDPNET-AS-ID PT. MULTI DATA PALEMBANG,0.00,0.00,629,
AS38504,ALUCIONET-AS-ID PT ALUCIO NET,,,13,
AS38504,ALUCIONET-AS-ID PT ALUCIO NET,0.00,0.00,13,
AS38505,GMNUSANTARA-AS-ID PT Graha Multimedia Nusantara,0.00,0.00,826,
AS38506,PIKANET-AS-ID PT Pika Media Komunika,0.01,0.01,16676,
AS38507,MITRATECHNET-AS-ID PT. Mitra Internet Tech,,,48,
AS38507,MITRATECHNET-AS-ID PT. Mitra Internet Tech,0.00,0.00,48,
AS38509,MAXIMA-AS-ID PT. Maxima Data,0.00,0.00,156,
AS38510,DEPTAN-AS-ID KEMENTERIAN PERTANIAN REPUBLIK INDONESIA,0.00,0.00,535,
AS38511,TACHYON-AS-ID PT Remala Abadi,0.05,0.00,43743,
AS38515,GRAHAMEDIA-NET-AS-ID GRAHAMEDIA INFORMASI, PT.,0.00,0.00,1394,
AS38516,INFOKOMNAP-AS-ID Infokom Elektrindo, PT.,0.00,0.00,60,
AS38517,MAXMEDIA-AS-ID PT.Bangsawan Cyberindo,0.00,0.00,110,
AS38521,PISHON-AS-ID Pishon Wireless Teknologi, PT,,,15,
AS38521,PISHON-AS-ID Pishon Wireless Teknologi, PT,0.00,0.00,15,
AS38522,TELINDONET-ID-AS Telindo Nusantara, PT,0.00,0.00,73,
AS38523,IDNIC-ID Indonesia Network Information Center,,,4,
AS38523,IDNIC-ID Indonesia Network Information Center,0.00,0.00,4,
AS38524,LAXONET-AS-ID Laxo Global Akses, PT,0.00,0.00,671,
AS38525,NETSOFT-AS-ID Netsoft, PT,0.00,0.00,545,
AS38527,MLINK-AS-ID JAWA POS NATIONAL NETWORK MEDIALINK, PT,0.00,0.00,562,
AS38535,M2AKSES-AS-AP P.T. Mega Media Aksesindo,,,3,
AS38535,M2AKSES-AS-AP P.T. Mega Media Aksesindo,0.00,0.00,3,
AS38567,REKIND-AS-ID-AP PT. Rekayasa Industri,,,25,
AS38567,REKIND-AS-ID-AP PT. Rekayasa Industri,0.00,0.00,25,
AS38750,TDS-AS-ID Telemedia Dinamika Sarana, PT,0.00,0.00,5038,
AS38753,SOLUSINDO-AS-ID Solusindo Bintang Pratama, PT,0.00,0.00,1695,
AS38754,PRIMENET-AS-ID PRIMEDIA ARMOEKADATA INTERNET, PT.,0.00,0.00,217,
AS38755,BPS-AS-ID Biro Statistics,0.00,0.00,422,
AS38756,BKU-AS-ID PT Bintang Komunikasi Utama,,,20,
AS38756,BKU-AS-ID PT Bintang Komunikasi Utama,0.00,0.00,20,
AS38758,HYPERNET-AS-ID PT. HIPERNET INDODATA,0.01,0.00,6754,
AS38761,SPM-AS-ID PT. Sakti Putra Mandiri,0.00,0.00,289,
AS38763,CYBERBINTAN-AS-ID PT. Cyber Bintan,0.00,0.00,172,
AS38764,POLRI-AS-ID MARKAS BESAR KEPOLISIAN REPUBLIK INDONESIA,0.00,0.00,77,
AS38765,ESDM-AS-ID Departemen Energi dan Sumber Daya Mineral,0.00,0.00,1498,
AS38766,BMP-AS-ID PT. Bumi Merbabu Permai,0.00,0.00,741,
AS38767,IDNIC-AMSCLOUD-AS-ID PT Awan Media Semesta,,,1,
AS38767,IDNIC-AMSCLOUD-AS-ID PT Awan Media Semesta,0.00,0.00,1,
AS38769,BITEK-AS-ID PT. Bit Technology Nusantara,0.00,0.00,662,
AS38771,CYBERPLUS-AS-ID PT Cyberplus Media Pratama,0.00,0.00,375,
AS38772,SMARTLINKNET-AS-ID PT. Smartlink Global Media.,0.00,0.00,181,
AS38773,CIPUTRA-AS-ID CiputraNet,0.05,0.05,2127,
AS38775,IDSIRTII-AS-ID Indonesia SIRT,,,16,
AS38775,IDSIRTII-AS-ID Indonesia SIRT,0.00,0.00,16,
AS38776,GREENLINKS-AS-ID PT. Bandung Sinergi Akses Teknologi,0.00,0.00,378,
AS38778,DWPNET-AS-ID PT. Dutakom Wibawa Putra,0.00,0.00,2913,
AS38779,BMG-AS-ID Badan Meteorologi dan Geofisika,0.00,0.00,128,
AS38781,MASNET-AS-ID PT. Mitra Abdi Solusi,0.00,0.00,504,
AS38783,IDNIC-ID Indonesia Network Information Center,0.00,0.00,533,
AS38784,ORBICOMNET-AS-ID PT. Global Inti Corporatama,,,13,
AS38784,ORBICOMNET-AS-ID PT. Global Inti Corporatama,0.00,0.00,13,
AS38785,BAGUSNET-AS-ID PT. BORNEO BROADBAND TECHNOLOGY,0.00,0.00,595,
AS38896,CERGIS-AS-AP PT. Centra Global Investama,0.00,0.00,2541,
AS45146,RAJASA-AS-ID-AP PT. Raja Sepadan Abadi,0.00,0.00,84,
AS45286,EDIINDONESIA-AS-ID PT EDI INDONESIA,,,18,
AS45286,EDIINDONESIA-AS-ID PT EDI INDONESIA,0.00,0.00,18,
AS45287,VARNION-AS-ID Varnion Technology Semesta, PT,0.00,0.00,7170,
AS45288,CYBER512-AS-ID KOMUNIKA LIMA DUABELAS, PT,0.00,0.00,129,
AS45289,INDOTRANS-AS-ID Indotrans Data, PT,0.00,0.00,928,
AS45291,SURF-ID PT Surfindo Network,,,6,
AS45291,SURF-ID PT Surfindo Network,0.00,0.00,6,
AS45292,LIPI-AS-ID Lembaga Ilmu Pengetahuan Indonesia - LIPI,2.23,0.00,761,
AS45294,WANXP-AS-ID PT. Wanriau Indoxp,0.01,0.01,9052,
AS45295,KEPRINET-AS-ID PT. Cipta Informatika Cemerlang,0.00,0.00,716,
AS45298,INTERLINK-TECH-AS-ID INTERLINK TECHNOLOGY, PT,0.00,0.00,1019,
AS45302,DESNET-AS-ID PT DES Teknologi Informasi,0.00,0.00,1402,
AS45304,PETRA-AS-ID PetraNet, Surabaya, Indonesia,0.00,0.00,553,
AS45305,LDP-AS-ID Lintas Data Prima, PT,0.00,0.00,3848,
AS45312,MLD-ID PT MEDIA LINTAS DATA,0.00,0.00,444,
AS45313,PEMDA-NAD-AS-ID Dinas Perhubungan,komunikasi, informasi dan Telematika -NAD,0.00,0.00,192,
AS45315,POLARIS-AS-ID PT POLARISNET,0.00,0.00,96,
AS45316,IDNIC-KKI-AS-ID Kantor Komunikasi Dan Informatika Kota Bogor,0.00,0.00,144,
AS45317,JATARA-AS-ID Jaringan Lintas Utara, PT,0.00,0.00,269,
AS45319,UBHARA-AS-ID Universitas Bhayangkara,,,36,
AS45319,UBHARA-AS-ID Universitas Bhayangkara,0.00,0.00,36,
AS45320,DEPKOMINFO-AS-ID Departemen Komunikasi dan Informasi Republik Indonesia,0.00,0.00,488,
AS45325,PC24NET-AS-ID PT PC24 Telekomunikasi Indonesia,0.00,0.00,175,
AS45696,PPATK-AS-ID Pusat Pelaporan dan Analisis Transaksi Keuangan,,,1,
AS45696,PPATK-AS-ID Pusat Pelaporan dan Analisis Transaksi Keuangan,0.00,0.00,1,
AS45697,UBAYA-AS-ID Universitas Surabaya,0.12,0.12,864,
AS45699,JDN-AS-ID Jogja Digital, PT,0.00,0.00,54,
AS45701,MILLENINDO-AS-ID Internet Madju Abad Millenindo, PT,0.00,0.00,5233,
AS45703,BKPM-AS-ID Badan Koordinasi Penanaman Modal (BKPM),0.00,0.00,168,
AS45705,PPTIK-UGM-AS-ID PPTIK - UNIVERSITAS GADJAH MADA,0.00,0.00,7436,
AS45706,TGG-AS-ID Tele Globe Global, PT,0.00,0.00,2019,
AS45707,PRIMELINK-AS-ID Prime Link Communication, PT,0.00,0.00,81,
AS45710,CHOICENET-AS-ID Yudhawira Khatulistiwa, PT,0.00,0.00,318,
AS45711,IMEDIABIZ-AS-ID Imediabiz Indonesia,,,27,
AS45711,IMEDIABIZ-AS-ID Imediabiz Indonesia,0.00,0.00,27,
AS45712,DEPLU-AS-ID Departemen Luar Negeri Republik Indonesia,0.00,0.00,682,
AS45714,STI-AS-ID Sampoerna Telekomunikasi Indonesia, PT,0.00,0.00,208,
AS45715,IDNIC-KEMHAN-AS-ID PUSDATIN KEMHAN RI,0.00,0.00,139,
AS45716,JETFLASH-AS-ID Cikarang Cyberindo PT.,0.00,0.00,530,
AS45722,INTERSATNET-AS-ID Widya Intersat Nusantara, PT,0.00,0.00,1061,
AS45724,MULTIMEDIA-AS-ID Multi Media Access, PT,,,25,
AS45724,MULTIMEDIA-AS-ID Multi Media Access, PT,0.00,0.00,25,
AS45725,KINGS-AS-ID Kings Network Indonesia, PT,0.00,0.00,685,
AS45727,THREE-AS-ID Hutchison CP Telecommunications, PT,0.02,0.00,809734,
AS45729,INDONET-AS-AP INDO Internet, PT,0.00,0.00,136,
AS45731,ARDH-AS-ID ARDH GLOBAL INDONESIA, PT,0.00,0.00,68,
AS45732,DEPKEU-AS-ID Pusat Sistem Informasi dan Teknologi Keuangan ( Pusintek ),0.00,0.00,1245,
AS45733,CIFOR-AS-ID Center For International Forestry Research(CIFOR),,,2,
AS45733,CIFOR-AS-ID Center For International Forestry Research(CIFOR),0.00,0.00,2,
AS45734,IDNIC-METROTV-AS-ID PT Media Televisi Indonesia,0.00,0.00,915,
AS45735,UNINET-NAP-AS-ID PT. UNINET MEDIA SAKTI,,,10,
AS45735,UNINET-NAP-AS-ID PT. UNINET MEDIA SAKTI,0.00,0.00,10,
AS45770,SBY-EPROC-AS-ID Bagian Administrasi Pembangunan - Pemerintah Kota Surabaya,,,6,
AS45770,SBY-EPROC-AS-ID Bagian Administrasi Pembangunan - Pemerintah Kota Surabaya,0.00,0.00,6,
AS45786,HTSNET-AS-ID HTSNET - ISP,0.00,0.00,910,
AS46017,BAKOSURTANAL-AS-ID Badan Koordinasi Survei dan Pemetaan Nasional (BAKOSURTANAL),0.00,0.00,604,
AS46018,DEPPERIN-AS-ID Departemen Perindustrian Republik Indonesia,0.00,0.00,443,
AS46019,UNIBRAW-AS-ID Universitas Brawijaya,0.00,0.00,3085,
AS46023,QUANTUMNET-AS-ID PT Quantum Tera Network,0.00,0.00,7316,
AS46024,BNI-AS-ID PT. Bank Negara Indonesia (Persero), Tbk.,0.00,0.00,837,
AS46025,CBN-GLOBAL-AS-ID PT. Cyberindo Aditama,,,10,
AS46025,CBN-GLOBAL-AS-ID PT. Cyberindo Aditama,0.00,0.00,10,
AS46026,BBT-AS-ID BATAM BINTAN TELEKOMUNIKASI, PT,0.00,0.00,1179,
AS46027,POSTEL-AS-ID Direktorat Jenderal Pos dan Telekomunikasi (Dirjen Postel),0.00,0.00,137,
AS46028,PACNET-AS-ID Transkon Jaya, PT,0.97,0.97,310,
AS46029,SGK-AS-ID PT. SEKAWAN GLOBAL KOMUNIKA,0.00,0.00,116,
AS46030,JASTRINDONET-AS-ID PT Jastrindo Dinamika,,,3,
AS46030,JASTRINDONET-AS-ID PT Jastrindo Dinamika,0.00,0.00,3,
AS46032,GLOBENET-AS-ID Fastel Sarana Indonesia PT,0.00,0.00,822,
AS46034,DEPKES-AS-ID Departemen Kesehatan,0.00,0.00,524,
AS46035,TRIKOMSEL-AS-ID PT Trikomsel Oke Tbk,,,14,
AS46035,TRIKOMSEL-AS-ID PT Trikomsel Oke Tbk,0.00,0.00,14,
AS46038,CEPATNET-AS-ID CepatNet,0.00,0.00,75,
AS46039,BAPEPAM-LK-AS-ID Badan Pengawas Pasar Modal dan Lembaga Keuangan,0.00,0.00,539,
AS46042,GUNADARMA-AS-ID Gunadarma University,0.00,0.00,311,
AS46044,UNPAD-AS-ID Universitas Padjadjaran,0.00,0.00,2731,
AS46045,SIAK-AS-ID PD Sarana Pembangunan Siak,0.00,0.00,229,
AS46047,POLSRI-AS-ID Politeknik Negeri Sriwijaya,0.23,0.00,435,
AS46048,TRIMEGAH-AS-ID PT Trimegah Securities Tbk,0.00,0.00,66,
AS46049,UNDIP-AS-ID Universitas Diponegoro,0.00,0.00,1391,
AS46050,JOGJACAMP-AS-ID PT JC Indonesia,0.00,0.00,97,
AS46051,CITRA-AS-ID PT JEMBATAN CITRA NUSANTARA,0.00,0.00,437,
AS46052,EEPIS-AS-ID Politeknik Elektronika Negeri Surabaya,0.00,0.00,646,
AS46054,WLAN-AS-ID PT Wahana Lintas Nusa Persada,0.00,0.00,652,
AS46055,ROKA-AS-ID PT ROKA LANE ASIA,,,1,
AS46055,ROKA-AS-ID PT ROKA LANE ASIA,0.00,0.00,1,
AS46056,GCC-AS-ID PT Jovimaro Karya Agung,0.00,0.00,378,
AS46057,UMM-AS-ID Universitas Muhammadiyah Malang,0.00,0.00,499,
AS46058,LINKS-AS-ID PT. Triwahana Gemasakti,,,32,
AS46058,LINKS-AS-ID PT. Triwahana Gemasakti,0.00,0.00,32,
AS46059,UM-AS-ID Universitas Negeri Malang,0.00,0.00,53,
AS46061,AIM-AS-ID PT. Adi Inti Mandiri,0.00,0.00,293,
AS46062,LINTASBUANA-AS-ID PT. BUANA LINTAS MEDIA,,,22,
AS46062,LINTASBUANA-AS-ID PT. BUANA LINTAS MEDIA,0.00,0.00,22,
AS46063,GRAHANET-AS-ID PT.Graha Telekomunikasi Indonesia,0.00,0.00,1294,
AS50896,AS-REGION40,,,42,
AS50896,AS-REGION40,0.00,0.00,42,
AS55652,DASHNET-AS-ID Sumidhaz Permata Bunda, PT,0.00,0.00,1250,
AS55653,SKYLINE-AS-ID Skyline Semesta, PT,0.00,0.00,2100,
AS55654,IDNIC-IAINSURAKARTA-AS-ID IAIN Surakarta,0.00,0.00,87,
AS55655,SIMS-AS-ID PT. Saranainsan Mudaselaras,0.00,0.00,366,
AS55656,DEPHUB-AS-ID Ministry of Transportation Republic of Indonesia,0.00,0.00,765,
AS55661,JATISMOBILE-AS-ID PT Informasi Teknologi Indonesia,0.00,0.00,82,
AS55662,IDNIC-CITRAWEB-AS-ID CV. CITRAWEB NUSA INFOMEDIA,,,34,
AS55662,IDNIC-CITRAWEB-AS-ID CV. CITRAWEB NUSA INFOMEDIA,0.00,0.00,34,
AS55664,IDNIC-SERVERKEREN-AS-ID PT Exa Rekatek Prosolusi,,,2,
AS55664,IDNIC-SERVERKEREN-AS-ID PT Exa Rekatek Prosolusi,0.00,0.00,2,
AS55665,STMI-AS-ID PT Sampoerna Telemedia Indonesia,0.00,0.00,2226,
AS55666,GMEDIA-AS-ID PT Media Sarana Data,0.01,0.01,21561,
AS55667,IPTELECOM-AS-ID PT IP Telecom Multimedia Indonesia,,,4,
AS55667,IPTELECOM-AS-ID PT IP Telecom Multimedia Indonesia,0.00,0.00,4,
AS55668,JABARTELNET-AS-ID PT Jabar Telematika,0.00,0.00,1287,
AS55669,MCS-AS-ID PT. Maxindo Content Solution,0.00,0.00,335,
AS55670,UNIVERSALNET-AS-ID PT. Universal Broadband,0.00,0.00,675,
AS55672,USD-AS-ID Universitas Sanata Dharma,0.00,0.00,460,
AS55673,LINKNET-IDX-AS-ID Linknet-IDX ASN,0.00,0.00,240,
AS55674,PUSKOM-UNY-AS-ID Universitas Negeri Yogyakarta,0.00,0.00,1894,
AS55677,HTS-AS-ID PT. Hawk Teknologi Solusi,0.00,0.00,106,
AS55679,HYPERMEDIA-AS-ID PT Hyperindo Media Perkasa,0.00,0.00,382,
AS55680,KSI-UAJY-AS-ID Kantor Sistem Informasi Universitas Atma Jaya Yogyakarta,0.00,0.00,675,
AS55682,FIBERMEDIA-AS-ID PT. Fiber Media Indonesia,,,44,
AS55682,FIBERMEDIA-AS-ID PT. Fiber Media Indonesia,0.00,0.00,44,
AS55683,IDNIC-ARGONDATA-AS-ID CV Argon Data Interkoneksi,0.00,0.00,102,
AS55684,UNS-AS-ID Universitas Sebelas Maret,0.00,0.00,2720,
AS55685,JLM-AS-ID PT Jala Lintas Media,0.00,0.00,4785,
AS55687,UNTAN-AS-ID Universitas Tanjungpura,0.00,0.00,379,
AS55688,BEON-AS-ID PT. Beon Intermedia,,,6,
AS55688,BEON-AS-ID PT. Beon Intermedia,0.00,0.00,6,
AS55690,ANDIRA-AS-ID PT Andira Infomedia,0.00,0.00,217,
AS55691,UMN-AS-ID Universitas Multimedia Nusantara,,,19,
AS55691,UMN-AS-ID Universitas Multimedia Nusantara,0.00,0.00,19,
AS55693,BATI-AS-ID PT. Bangun Abadi Teknologi Indonesia,0.00,0.00,581,
AS55694,UCS-AS-ID Universitas Ciputra,,,10,
AS55694,UCS-AS-ID Universitas Ciputra,0.00,0.00,10,
AS55695,UIN-AS-ID Universitas Islam Negeri Sunan Kalijaga Yogyakarta,0.00,0.00,538,
AS55696,SCOM-AS-ID Starcom Solusindo PT.,,,8,
AS55696,SCOM-AS-ID Starcom Solusindo PT.,0.00,0.00,8,
AS55697,USU-AS-ID Universitas Sumatera Utara,0.00,0.00,915,
AS55698,INFOMEDIA-AS-ID Infomedia Nusantara PT.,0.00,0.00,184,
AS55699,STARNET-AS-ID PT. Cemerlang Multimedia,0.00,0.00,23135,
AS55701,ASNET-AS-ID PT. Usaha Adisanggoro,0.00,0.00,2204,
AS56060,SCBD-NET PT ARTHA TELEKOMINDO,0.00,0.00,145,
AS56088,PANDI-ID PANDI - Pengelola Nama Domain Internet Indonesia,,,10,
AS56088,PANDI-ID PANDI - Pengelola Nama Domain Internet Indonesia,0.00,0.00,10,
AS56233,ATSINDO-AS-ID PT Asia Teknologi Solusi,0.00,0.00,1912,
AS56234,NARATEL-AS-ID PT Naraya Telematika,0.00,0.00,131,
AS56236,BNN-AS-ID Badan Narkotika Nasional,0.00,0.00,82,
AS56237,UNILA-AS-ID Universitas Lampung,0.00,0.00,891,
AS56239,GASTRANET-AS-ID PT Graha Anugrah Sejahtera,0.00,0.00,1279,
AS56241,METRASAT-AS-ID PT METRASAT,0.00,0.00,284,
AS56242,SKI-AS-ID PT SUMBER KONEKSI INDOTELEMATIKA,0.02,0.00,4825,
AS56245,FAJAR-AS-ID PT Fajar Techno System,0.00,0.00,425,
AS56246,SDI-AS-ID PT Sumber Data Indonesia,0.00,0.00,846,
AS56248,INDAHKIATPP-AS-ID PT INDAH KIAT PULP  PAPER Tbk,,,30,
AS56248,INDAHKIATPP-AS-ID PT INDAH KIAT PULP  PAPER Tbk,0.00,0.00,30,
AS56253,BTPN-AS-ID PT. Bank Tabungan Pensiunan Nasional Tbk,0.00,0.00,163,
AS56254,UNRI-AS-ID UNIVERSITAS RIAU,0.00,0.00,286,
AS56255,TRANSTECH-AS-ID PT Transtech Communication Media,0.00,0.00,186,
AS56256,PERPUSNAS-AS-ID Perpustakaan Nasional RI,0.00,0.00,101,
AS56259,AGIT-AS-ID PT Astra Graphia Information Technology,0.00,0.00,64,
AS56260,PASCAL-AS-ID PT Pascal Indonesia,,,1,
AS56260,PASCAL-AS-ID PT Pascal Indonesia,0.00,0.00,1,
AS56261,BTIP-AS-ID Balai Telekomunikasi dan Informatika Perdesaan,,,2,
AS56261,BTIP-AS-ID Balai Telekomunikasi dan Informatika Perdesaan,0.00,0.00,2,
AS56308,TELIN-NET-SG TELEKOMUNIKASI INDONESIA INTERNATIONAL, PTE.LTD,0.00,0.00,67,
AS58369,FIBERNET-AS-AP PT. Fiber Networks Indonesia,0.00,0.00,6899,
AS58375,UNUD-AS-ID Universitas Udayana,0.00,0.00,418,
AS58376,AKGU-AS-ID PT Angkasa Komunikasi Global Utama,0.00,0.00,1358,
AS58381,WOWRACK-AS-ID Wow Internet Indonesia,0.00,0.00,112,
AS58385,BSM-AS-ID PT. Bank Syariah Mandiri,0.00,0.00,181,
AS58387,BPOM-AS-ID Badan Pengawas Obat dan Makanan,0.00,0.00,405,
AS58390,FUS-AS-ID PT. Faasri Utama Sakti,,,2,
AS58390,FUS-AS-ID PT. Faasri Utama Sakti,0.00,0.00,2,
AS58392,SWIN-AS-ID PT. Sewiwi Indonesia,0.00,0.00,88,
AS58394,BPK-AS-ID Badan Pemeriksa Keuangan (BPK RI),0.00,0.00,387,
AS58396,DETELNETWORKS-AS-ID PT. DEWATA TELEMATIKA,,,38,
AS58396,DETELNETWORKS-AS-ID PT. DEWATA TELEMATIKA,0.00,0.00,38,
AS58397,INFINYS-AS-ID PT Infinys System Indonesia,,,18,
AS58397,INFINYS-AS-ID PT Infinys System Indonesia,0.00,0.00,18,
AS58398,INDIKAENERGY-AS-ID PT. Indika Energy Tbk,0.00,0.00,68,
AS58400,UNNES-AS-ID Universitas Negeri Semarang,0.00,0.00,1320,
AS58401,DETELNETWORKS-AS-ID PT. DEWATA TELEMATIKA,0.00,0.00,67,
AS58402,IDNIC-ID Indonesia Network Information Center,,,18,
AS58402,IDNIC-ID Indonesia Network Information Center,0.00,0.00,18,
AS58404,QWORDS-AS-ID PT Qwords Company International,0.00,0.00,62,
AS58463,PGASCOM-AS-AP PT.PGAS TELEKOMUNIKASI NUSANTARA,,,3,
AS58463,PGASCOM-AS-AP PT.PGAS TELEKOMUNIKASI NUSANTARA,0.00,0.00,3,
AS58474,MANGONET-AS-ID PT. MATRIXNET GLOBAL INDONESIA,0.00,0.00,986,
AS58475,UNLAM-AS-ID Universitas Lambung Mangkurat,0.00,0.00,118,
AS58476,DJP-AS-ID DIREKTORAT JENDERAL PAJAK,,,42,
AS58476,DJP-AS-ID DIREKTORAT JENDERAL PAJAK,0.00,0.00,42,
AS58477,ARGON-AS-ID Argon Data Communication,0.09,0.00,1122,
AS58478,PESAT2-AS-AP PT. Pasifik Satelit Nusantara,0.00,0.00,178,
AS58479,TRISAKTI-AS-ID Trisakti University,0.00,0.00,219,
AS58480,CIMBNIAGA-AS-ID PT Bank CIMB Niaga Tbk,,,5,
AS58480,CIMBNIAGA-AS-ID PT Bank CIMB Niaga Tbk,0.00,0.00,5,
AS58481,ASTRA-AS-ID PT. Astra International, Tbk,0.00,0.00,346,
AS58482,PALAPAMEDIA-AS-ID PT. Palapa Media Indonesia,0.00,0.00,2432,
AS58485,WIFIAN-AS-ID Wifian Solution PT.,,,12,
AS58485,WIFIAN-AS-ID Wifian Solution PT.,0.00,0.00,12,
AS58486,ITECHNET-AS-ID PT. Intelex Technet Global,0.00,0.00,910,
AS58488,IDNIC-KKP-AS-ID PUSDATIN KKP,0.00,0.00,612,
AS58492,UNISSULA-AS-ID Universitas Islam Sultan Agung,0.00,0.00,141,
AS58495,HSPNET-AS-ID PT Parsaoran Global Datatrans,0.00,0.00,1836,
AS58497,INTEGRA-AS-ID PT Integra Ventura,0.00,0.00,413,
AS58498,IBS-AS-ID PT Infrastruktur Bisnis Sejahtera,0.00,0.00,253,
AS58503,PUSATMEDIA-AS-ID PT Pusat Media Indonesia,,,5,
AS58503,PUSATMEDIA-AS-ID PT Pusat Media Indonesia,0.00,0.00,5,
AS58514,SUPERNET-AS-ID PT. Supernet Advance Teknologi,0.00,0.00,353,
AS58551,IDNIC-MTN-AS-ID PT. Mediatama Telematika Nusantara,0.00,0.00,130,
AS58553,IDNIC-3DTECH-ID PT 3D Tech,0.00,0.00,761,
AS58556,IDNIC-UNIKOM-AS-ID PT Universal Komunikatama,0.00,0.00,133,
AS58558,IDNIC-WIJAYASOLUSINDO-AS-ID PT Jagat Media Teknologi,0.00,0.00,286,
AS58561,REPUBLIKAMEDIAMANDIRI-AS Jl. Warung Buncit Raya No. 37,0.00,0.00,95,
AS58731,TELINTLSA-AS Telekomunikasi Indonesia International (T.L.) S.A.,,,4,
AS58731,TELINTLSA-AS Telekomunikasi Indonesia International (T.L.) S.A.,0.00,0.00,4,
AS58818,IDNIC-UMY-AS-ID Universitas Muhammadiyah Yogyakarta,0.00,0.00,505,
AS58819,ARSENETGS-AS-ID PT Arsenet Global Solusi,0.00,0.00,82,
AS58820,IDNIC-PTAMI-AS-ID PT Apik Media Inovasi,,,2,
AS58820,IDNIC-PTAMI-AS-ID PT Apik Media Inovasi,0.00,0.00,2,
AS58821,IDNIC-LJN-AS-ID PT Lintas Jaringan Nusantara,0.00,0.00,1896,
AS58822,IDNIC-UNESA-AS-ID Universitas Negeri Surabaya,0.00,0.00,105,
AS58823,JMAT-AS-ID PT Jagat Media Teknologi,0.00,0.00,116,
AS58824,IDNIC-UNIMED-AS-ID Universitas Negeri Medan,0.00,0.00,474,
AS58961,OPENIP-AS Perhimpunan Klik Indonesia,,,13,
AS58961,OPENIP-AS Perhimpunan Klik Indonesia,0.00,0.00,13,
AS59131,IDNIC-UNIKA-AS-ID Universitas Katolik Soegijapranata,0.00,0.00,127,
AS59132,IDNIC-BI-AS-ID Bank Indonesia,,,27,
AS59132,IDNIC-BI-AS-ID Bank Indonesia,0.00,0.00,27,
AS59133,IDNIC-DAYASITEL-AS-ID PT Daya Sinergi Telekomunikasi,0.00,0.00,66,
AS59134,IDNIC-DATACOMM-AS-ID PT. Datacomm Diangraha,,,1,
AS59134,IDNIC-DATACOMM-AS-ID PT. Datacomm Diangraha,0.00,0.00,1,
AS59138,IDNIC-UNISBANK-AS-ID Universitas STIKUBANK,,,3,
AS59138,IDNIC-UNISBANK-AS-ID Universitas STIKUBANK,0.00,0.00,3,
AS59139,WIFIKU-AS-ID PT Wifiku Indonesia,0.00,0.00,3098,
AS59140,IDNIC-GBN-AS-ID PT Global Borneo Nusantara,0.00,0.00,184,
AS59142,IDNIC-BATAMKOTA-AS-ID Pemerintah Kota Batam,,,44,
AS59142,IDNIC-BATAMKOTA-AS-ID Pemerintah Kota Batam,0.00,0.00,44,
AS59143,IDNIC-WIKA-AS-ID PT. Wijaya Karya,0.00,0.00,194,
AS59146,IDNIC-BPB-AS-ID BP Berau Indonesia,0.00,0.00,210,
AS59148,IDNIC-XPNET-AS-ID PT Xepia Prima,0.00,0.00,87,
AS59149,TUJUHDELAPANSEMBILANNET-AS-ID PT. TUJUH DELAPAN SEMBILAN NET,0.00,0.00,537,
AS59150,IDNIC-RTIGA-AS-ID PT Rtiga Global Media,0.00,0.00,648,
AS59151,IDNIC-JOGJAPROV-AS-ID Bidang Layanan Teknologi dan Informasi Dinas Perhubungan,0.00,0.00,534,
AS59155,IDNIC-INETKU-AS-ID PT. Pemuda Berkarya Manunggal,0.00,0.00,4073,
AS59156,BALISOKET-AS-ID PT Bali Soket Informindo,0.00,0.00,1914,
AS59157,IDNIC-STKS-AS-ID Sekolah Tinggi Kesejahteraan Sosial,,,12,
AS59157,IDNIC-STKS-AS-ID Sekolah Tinggi Kesejahteraan Sosial,0.00,0.00,12,
AS59158,BLAMBANGAN-AS-ID PT Blambangan Cahaya Timur,0.00,0.00,296,
AS59159,IDNIC-PDISBPPT-AS-ID PDIS - BADAN PENGKAJIAN DAN PENERAPAN TEKNOLOGI,0.00,0.00,302,
AS59160,IDNIC-BKKBN-AS-ID Badan Kependudukan dan Keluarga Berencana Nasional,0.00,0.00,150,
AS59272,IDNIC-LST-AS-ID PT Lawang Sewu Teknologi,,,8,
AS59272,IDNIC-LST-AS-ID PT Lawang Sewu Teknologi,0.00,0.00,8,
AS59273,KLN-AS-ID PT KOMUNIKASI LINTAS NUSA,0.00,0.00,1064,
AS59274,IDNIC-MST-AS-ID PT Mitra Solusi Telematika,0.00,0.00,167,
AS59275,IDNIC-UMS-AS-ID Universitas Muhammadiyah Surakarta,0.00,0.00,418,
AS59276,NOLSPOT-AS-ID PT Jaringan Multimedia Indonesia,0.00,0.00,925,
AS59278,VNTNET-AS-ID PT Jaringan VNT Indonesia,0.00,0.00,536,
AS59279,IDNIC-RMI-AS-ID PT Raja Mitra Informatika,,,47,
AS59279,IDNIC-RMI-AS-ID PT Raja Mitra Informatika,0.00,0.00,47,
AS59280,IDNIC-KAILIGLOBAL-AS-ID PT. Kaili Global,0.00,0.00,1126,
AS59282,GPM-AS-ID PT Giga Patra Multimedia,0.00,0.00,248,
AS59285,IDNIC-LATANSA-AS-ID PT Latansa Teknologi Multimedia,0.00,0.00,90,
AS59288,IDNIC-NETSENTRA-AS-ID PT Net Sentra Cyberindo,,,1,
AS59288,IDNIC-NETSENTRA-AS-ID PT Net Sentra Cyberindo,0.00,0.00,1,
AS63488,IDNIC-TOTALTEKNO-AS-ID PT Total Trimitra Teknologi,,,6,
AS63488,IDNIC-TOTALTEKNO-AS-ID PT Total Trimitra Teknologi,0.00,0.00,6,
AS63489,IDNIC-BPRTIK-AS-ID Balai Pelatihan Riset TIK BLSDM Kemkominfo,0.00,0.00,67,
AS63490,IDNIC-ARTHAHOSTING-AS-ID PT Artha Media Lintas Nusa,0.00,0.00,631,
AS63491,IDNIC-WIMA-AS-ID Universitas Katolik Widya Mandala,0.00,0.00,66,
AS63493,IDNIC-NORLECTELEKOMINDO-AS-ID PT Norlec Telekomunikasi Indonesia,0.00,0.00,177,
AS63494,INNOVATION-AS-ID PT Inovasi Jaringan Nusantara,,,11,
AS63494,INNOVATION-AS-ID PT Inovasi Jaringan Nusantara,0.00,0.00,11,
AS63495,SMI-AS-ID PT Satelit Multimedia Indonesia,0.00,0.00,72,
AS63497,ARANANETWORK-AS-ID PT. Arana Teknologi Indonesia,0.00,0.00,57,
AS63499,IDNIC-UNP-AS-ID Universitas Negeri Padang,0.00,0.00,752,
AS63500,IDNIC-UNAND-AS-ID Lembaga Pengembangan Teknologi Informasi dan Komunikasi,0.00,0.00,1655,
AS63501,MENTARI-AS-ID PT Mega Mentari Mandiri,0.00,0.00,441,
AS63503,IDNIC-NADYNE-AS-ID PT. Nadyne Media Tama,,,42,
AS63503,IDNIC-NADYNE-AS-ID PT. Nadyne Media Tama,0.00,0.00,42,
AS63508,JOGJARINGAN-AS-ID PT DINAMIKA MEDIAKOM,0.00,0.00,794,
AS63509,IDNIC-MMP-ID PT Matra Mandiri Prima,,,19,
AS63509,IDNIC-MMP-ID PT Matra Mandiri Prima,0.00,0.00,19,
AS63510,UNSYIAH-AS-ID Syiah Kuala University (Unsyiah),0.00,0.00,741,
AS63513,IDNIC-GG-ID PT Gudang Garam Tbk,,,44,
AS63513,IDNIC-GG-ID PT Gudang Garam Tbk,0.00,0.00,44,
AS63514,SSI-AS-ID PT. Sumatra Sistem Integrasi,0.00,0.00,72,
AS63516,TRANSIX-AS-NET Transhybrid Internet Xchange,,,40,
AS63516,TRANSIX-AS-NET Transhybrid Internet Xchange,0.00,0.00,40,
AS63827,ECONDELIGHT PT Econdelight,0.00,0.00,419,
AS63858,MCOIN-AS-ID PT Mobile Coin Asia,,,21,
AS63858,MCOIN-AS-ID PT Mobile Coin Asia,0.00,0.00,21,
AS63859,MYREPUBLIC-AS-ID PT. Eka Mas Republik,0.01,0.00,162935,
AS63860,IDNIC-VIPERNETWORK-AS-ID PT Vitya Persada Informatika,,,3,
AS63860,IDNIC-VIPERNETWORK-AS-ID PT Vitya Persada Informatika,0.00,0.00,3,
AS63862,IDNIC-ID Indonesia Network Information Center,,,43,
AS63862,IDNIC-ID Indonesia Network Information Center,0.00,0.00,43,
AS63867,IDNIC-DESIBLE-AS-ID PT Tirta Karya Buana,0.00,0.00,384,
AS63868,NASIONALONLINE-AS-ID PT Nasional Online,0.00,0.00,206,
AS63869,MERAHPUTIH-AS-ID PT MERAH PUTIH TELEMATIKA,,,34,
AS63869,MERAHPUTIH-AS-ID PT MERAH PUTIH TELEMATIKA,0.00,0.00,34,
AS63873,MAGNET-AS-ID PT Mitra Akses Globalindo,0.00,0.00,396,
AS63874,IDNIC-BOSOWA-AS-ID PT Bosowa Network Media,0.00,0.00,107,
AS63876,IDNIC-ISI-AS-ID Institut Seni Indonesia Yogyakarta,0.00,0.00,80,
AS63877,IDNIC-UNIVERSALKENDARI-AS-ID PT Universal Internet Service,0.00,0.00,51,
AS63878,VICTORYNET-AS-ID PT Victory Network Indonesia,0.00,0.00,515,
AS63879,IDNIC-UINSGD-AS-ID UIN Sunan Gunung Djati Bandung,0.00,0.00,318,
AS63881,MDI-AS-ID PT. Medianet Digital Indonesia,0.00,0.00,62,
AS63882,GPL-AS-ID PT Giga Prima Lestari,0.00,0.00,623,
AS63884,IDNIC-STAINKUDUS-AS-ID Sekolah Tinggi Agama Islam Negeri (STAIN) Kudus,0.00,0.00,58,
AS63885,MYNET-AS-ID PT Inovasi Tjaraka Buana,0.00,0.00,1136,
AS63886,IDNIC-UPNYK-AS-ID Universitas Pembangunan Nasional Veteran Yogyakarta,0.00,0.00,159,
AS64024,YESIMEDIA-AS-ID PT Yesi Media Utama,0.00,0.00,171,
AS64026,IDNIC-CIREBONKAB-AS-ID Pemerintah Kabupaten Cirebon,0.00,0.00,184,
AS64029,RWN-AS-ID PT. RAMA WIMA NUSANTARA,,,35,
AS64029,RWN-AS-ID PT. RAMA WIMA NUSANTARA,0.00,0.00,35,
AS64030,IDNIC-POLINES-AS-ID Politeknik Negeri Semarang,0.00,0.00,73,
AS64031,INTERFAST-AS-ID PT. Kreasi Sejahtera Teknologi,0.00,0.00,213,
AS64078,STARFRAMEWORKCO FLATRM 101A 1F,,,10,
AS64078,STARFRAMEWORKCO FLATRM 101A 1F,0.00,0.00,10,
AS64297,GLOBALMANDIRI-AS-ID PT Medialink Global Mandiri,0.00,0.00,169,
AS64298,IDNIC-UPNSBY-AS-ID UPN Veteran Surabaya,,,5,
AS64298,IDNIC-UPNSBY-AS-ID UPN Veteran Surabaya,0.00,0.00,5,
AS64300,JSN-AS-ID PT JARINGANKU SARANA NUSANTARA,0.00,0.00,156,
AS64301,VJN-AS-ID PT Virtual Jaringan Nasional,0.00,0.00,193,
AS64305,IDNIC-UMPO-AS-ID UNIVERSITAS MUHAMMADIYAH PONOROGO,0.00,0.00,57,
AS64306,IDNIC-TEMANGGUNGKAB-AS-ID PEMERINTAH KABUPATEN TEMANGGUNG,0.00,0.00,94,
AS64307,IDNIC-PRUDENTIAL-AS-ID PT. PRUDENTIAL LIFE ASSURANCE,0.00,0.00,219,
AS64308,IDNIC-DATAON-AS-ID PT IndoDev Niaga Internet,0.00,0.00,157,
AS64310,IDNIC-TIRTARAHARJA-AS-ID PDAM TIRTA RAHARJA,,,5,
AS64310,IDNIC-TIRTARAHARJA-AS-ID PDAM TIRTA RAHARJA,0.00,0.00,5,
AS64314,IDNIC-INTEGRASI-AS-ID PT. INTEGRASI NETWORK PERKASA,,,1,
AS64314,IDNIC-INTEGRASI-AS-ID PT. INTEGRASI NETWORK PERKASA,0.00,0.00,1,
AS64316,IDNIC-RADENFATAH-AS-ID Universitas Islam Negeri Raden Fatah Palembang,,,26,
AS64316,IDNIC-RADENFATAH-AS-ID Universitas Islam Negeri Raden Fatah Palembang,0.00,0.00,26,
AS65505,-Private Use AS-,,,2,
AS65505,-Private Use AS-,0.00,0.00,2,
AS65515,-Private Use AS-,0.00,0.00,907,
AS131112,MMTC-AS-ID Sekolah Tinggi Multi Media MMTC Yogyakarta,0.00,0.00,106,
AS131693,IDNIC-KEMENAG-AS-ID Kementerian Agama (KEMENAG),0.00,0.00,838,
AS131694,IDNIC-JABIKHA-AS-ID PT Jabikha Teknologi Indonesia,,,12,
AS131694,IDNIC-JABIKHA-AS-ID PT Jabikha Teknologi Indonesia,0.00,0.00,12,
AS131697,SI-AS-ID PT Samudera Indonesia Tbk.,0.00,0.00,185,
AS131699,IDNIC-DMA-AS-ID PT. Deltrasindo Mitra Asiatama,0.00,0.00,722,
AS131703,IDNIC-UNJ-AS-ID Universitas Negeri Jakarta,0.00,0.00,202,
AS131706,TERABIT-AS-ID PT SELARAS CITRA TERABIT,0.00,0.00,3477,
AS131709,IDNIC-UNSOED-AS-ID PENGGUNA DIKS PTH UNSOED,0.00,0.00,833,
AS131710,IDNIC-AERONET-AS-ID PT Aero Systems Indonesia,0.00,0.00,126,
AS131711,ORANGE-ISP-AS-ID PT Global Teknologi Teraindo,0.00,0.00,2108,
AS131713,IDNIC-SPICELINK-AS-ID PT Sano Komunikasi,0.00,0.00,66,
AS131716,IDNIC-BDS-AS-ID PT. Bens Data Solusi,,,11,
AS131716,IDNIC-BDS-AS-ID PT. Bens Data Solusi,0.00,0.00,11,
AS131717,IDNIC-CIFO-AS-ID PT Citra Jelajah Informatika,0.00,0.00,723,
AS131719,IDNIC-PROVSS-AS-ID Dinas Perhubungan Kominfo Provinsi Sumatera Selatan,0.00,0.00,65,
AS131721,IDNIC-KALBE-AS-ID PT.KALBE FARMA Tbk,0.00,0.00,67,
AS131722,IDNIC-PU-AS-ID Kementrian Pekerjaan Umum,0.00,0.00,1207,
AS131724,IDNIC-DINHUBKOMINFO-JATENG-AS-ID DINHUBKOMINFO PEMPROV. JAWA TENGAH,0.00,0.00,631,
AS131726,IDNIC-DISHUBKOMINFO-TEGAL-AS-ID Dishubkominfo Kota Tegal,0.00,0.00,134,
AS131728,ANEKASIGNAL-AS-ID PT Aneka Signal,0.00,0.00,863,
AS131730,IDNIC-SATKOMINDO-AS-ID PT. SATKOMINDO MEDIYASA,,,11,
AS131730,IDNIC-SATKOMINDO-AS-ID PT. SATKOMINDO MEDIYASA,0.00,0.00,11,
AS131732,COGINDO-AS-ID PT. COGINDO DAYABERSAMA,,,3,
AS131732,COGINDO-AS-ID PT. COGINDO DAYABERSAMA,0.00,0.00,3,
AS131734,IDNIC-UINJKT-AS-ID Universitas Islam Negeri Syarif Hidayatullah Jakarta,0.00,0.00,722,
AS131735,IDNIC-TNC-ID PT Telemedia Network Cakrawala,0.00,0.00,1177,
AS131737,IDNIC-JICT-AS-ID PT Jakarta International Container Terminal,,,6,
AS131737,IDNIC-JICT-AS-ID PT Jakarta International Container Terminal,0.00,0.00,6,
AS131738,IDNIC-GOLDENIT-AS-ID Golden IT,,,22,
AS131738,IDNIC-GOLDENIT-AS-ID Golden IT,0.00,0.00,22,
AS131739,MENPAN-AS-ID Kementerian Pendayagunaan Aparatur Negara dan Reformasi Birokrasi,,,30,
AS131739,MENPAN-AS-ID Kementerian Pendayagunaan Aparatur Negara dan Reformasi Birokrasi,0.00,0.00,30,
AS131740,SMARTMEDIA-AS-ID PT Smart Media Pratama,0.00,0.00,1703,
AS131743,IDNIC-GBA-AS-ID PT GNET BIARO AKSES,0.00,0.00,906,
AS131745,IDNIC-CYBERTECHTONIC-AS-ID PT. Cybertechtonic Pratama,0.00,0.00,87,
AS131746,PERMANA-AS-ID PT. Medianusa Permana,0.00,0.00,615,
AS131748,IDNIC-BGP-AS-ID PT. Baswara Gema Persada,,,8,
AS131748,IDNIC-BGP-AS-ID PT. Baswara Gema Persada,0.00,0.00,8,
AS131749,MEDIAINDOCYBER-AS-ID PT. Arthatama Adhiprima Persada,1.57,1.57,255,
AS131753,IDNIC-VERD-AS-ID CV. VERD,0.00,0.00,118,
AS131754,IDNIC-UNMUL-AS-ID Universitas Mulawarman,,,1,
AS131754,IDNIC-UNMUL-AS-ID Universitas Mulawarman,0.00,0.00,1,
AS131755,IDNIC-AXARVA-AS-ID PT Axarva Media Teknologi,1.04,1.04,288,
AS131757,IDNIC-CYBERK-AS-ID Koperasi PRIMKOKAS,0.00,0.00,274,
AS131758,NINGNET-AS-ID PT. Bali Ning,,,8,
AS131758,NINGNET-AS-ID PT. Bali Ning,0.00,0.00,8,
AS131759,IDNIC-WDS-AS-ID PT. Web Data Solusindo,0.00,0.00,293,
AS131760,IDNIC-PREMIER-OIL-AS-ID Premier oil Indonesia,0.00,0.00,123,
AS131761,IDNIC-INDONESIAPORT-AS-ID PT Pelabuhan Indonesia II,0.00,0.00,73,
AS131763,IDNIC-TADULAKO-AS-ID Universitas Tadulako,0.00,0.00,721,
AS131765,IDNIC-DEPDAGRI-AS-ID Kementerian Dalam Negeri Republik Indonesia,0.00,0.00,282,
AS131767,SOLONET-AS-ID PT. SOLO JALA BUANA,0.00,0.00,338,
AS131769,IDNIC-MAYATAMA-AS-ID PT Mayatama Solusindo,0.00,0.00,1715,
AS131775,IDNIC-JALANET-AS-ID PT. Jupiter Jala Arta,0.00,0.00,73,
AS131776,IDNIC-LAPAN-AS-ID Lembaga Penerbangan dan Antariksa Nasional (LAPAN),0.00,0.00,334,
AS131778,DINUSTECH-AS-ID PT Dian Nuswantoro Teknologi,,,41,
AS131778,DINUSTECH-AS-ID PT Dian Nuswantoro Teknologi,0.00,0.00,41,
AS131779,IDNIC-BDSI-DPR-AS-ID Bidang Data dan Sarana Informasi (BDSI) Sekjen DPR RI,0.00,0.00,746,
AS131781,IDNIC-UINMALANG-AS-ID Universitas Islam Negeri Maulana Malik Ibrahin (UIN Maliki),0.00,0.00,343,
AS131782,IDNIC-BUMN-AS-ID Kementerian Badan Usaha Milik Negara,0.00,0.00,135,
AS131783,IDNIC-INDOMARET-AS-ID PT. Indomarco Prismatama,,,2,
AS131783,IDNIC-INDOMARET-AS-ID PT. Indomarco Prismatama,0.00,0.00,2,
AS131784,IDNIC-SDPPI-SPEKTRUM-AS-ID Sumber Daya Dan Perangkat Pos Dan Informatika SIMS,,,9,
AS131784,IDNIC-SDPPI-SPEKTRUM-AS-ID Sumber Daya Dan Perangkat Pos Dan Informatika SIMS,0.00,0.00,9,
AS131785,IDNIC-MAHKAMAHAGUNG-AS-ID Mahkamah Agung RI,0.00,0.00,264,
AS132164,KASKUSNETWORKS-AS PT Darta Media Indonesia,,,4,
AS132164,KASKUSNETWORKS-AS PT Darta Media Indonesia,0.00,0.00,4,
AS132634,IDNIC-EGOV-AS-ID Direktorat E-Goverment Kementerian KOMINFO,,,5,
AS132634,IDNIC-EGOV-AS-ID Direktorat E-Goverment Kementerian KOMINFO,0.00,0.00,5,
AS132636,SMTNET-AS-ID PT Sarana Mediatama Indonesia,0.00,0.00,96,
AS132637,BITSNET-AS-ID PT BINA INFORMATIKA SOLUSI,0.00,0.00,724,
AS132638,IDNIC-IAIN-WALISONGO-AS-ID IAIN Walisongo Semarang,0.00,0.00,411,
AS132639,IDNIC-ILCS-AS-ID PT Integrasi Logistik Cipta Solusi,,,9,
AS132639,IDNIC-ILCS-AS-ID PT Integrasi Logistik Cipta Solusi,0.00,0.00,9,
AS132641,NETCITI-AS-ID PT Netciti Persada,0.01,0.01,7367,
AS132642,IDNIC-UAD-AS-ID Universitas Ahmad Dahlan,0.14,0.14,728,
AS132643,IDNIC-KPU-AS-ID Komisi Pemilihan Umum,0.00,0.00,71,
AS132644,IDNIC-CBNCLOUD-AS-ID PT. Cyberindo Mega Persada,,,1,
AS132644,IDNIC-CBNCLOUD-AS-ID PT. Cyberindo Mega Persada,0.00,0.00,1,
AS132645,IDNIC-PPNS-AS-ID Politeknik Perkapalan Negeri Surabaya,0.00,0.00,72,
AS132646,IDNIC-HANZA-AS-ID PT Hanza Telecom,,,1,
AS132646,IDNIC-HANZA-AS-ID PT Hanza Telecom,0.00,0.00,1,
AS132649,ADAUNET-AS-ID PT Adau Putra Network,0.00,0.00,1057,
AS132652,IDNIC-UNINA-AS-ID PT. Cahaya Buana Raksa,0.00,0.00,1903,
AS132653,B-LINK-AS-ID PT Transdata Sejahtera,,,16,
AS132653,B-LINK-AS-ID PT Transdata Sejahtera,0.00,0.00,16,
AS132655,IDNIC-DPDRI-AS-ID Sekretariat Jenderal Dewan Perwakilan Daerah Republik Indonesia,0.00,0.00,312,
AS132658,IDNIC-DISKOMINFOPROVSU-AS-ID Dinas Komunikasi dan Informatika Provinsi Sumatera Utara,0.00,0.00,87,
AS132660,IDNIC-UNG-AS-ID Universitas Negeri Gorontalo,0.00,0.00,636,
AS132661,IDNIC-BAWASLU-AS-ID Badan Pengawas Pemilu,,,48,
AS132661,IDNIC-BAWASLU-AS-ID Badan Pengawas Pemilu,0.00,0.00,48,
AS132662,IDNIC-LOTTE-AS-ID PT. Lotte Data Communication Indonesia (LDCI),0.00,0.00,107,
AS132663,INDOMEDIANET-AS-ID PT Indonesia Media Komunikasi Masyarakat,0.00,0.00,335,
AS132664,IDNIC-PTMCM-AS-ID PT. Merah Cipta Media,,,45,
AS132664,IDNIC-PTMCM-AS-ID PT. Merah Cipta Media,0.00,0.00,45,
AS132667,IDNIC-ID Indonesia Network Information Center,0.00,0.00,269,
AS132668,BALITOWERNET-AS-ID PT Bali Towerindo Sentra,0.00,0.00,123,
AS132670,IDNIC-DAGADU-AS-ID PT Aseli Dagadu Djokdja,,,9,
AS132670,IDNIC-DAGADU-AS-ID PT Aseli Dagadu Djokdja,0.00,0.00,9,
AS132672,SAHABATNET-AS-ID PT. Sahabat Prima Karya,,,3,
AS132672,SAHABATNET-AS-ID PT. Sahabat Prima Karya,0.00,0.00,3,
AS132673,IDNIC-ARANANETWORK-AS-ID PT Arana Teknologi Indonesia,0.00,0.00,139,
AS132675,TAB-AS-ID PT. Terang Abadi Bersama,0.00,0.00,129,
AS132676,IDNIC-UNSRI-AS-ID Universitas Sriwijaya,0.00,0.00,1369,
AS132677,GARUDAINFORMATIKA-AS-ID PT Garuda Media Informatika,0.00,0.00,520,
AS132678,IDNIC-UNEJ-AS-ID Universitas Jember,0.23,0.23,440,
AS133166,PERTAMINA-AS-ID PT Pertamina (Persero),0.00,0.00,3622,
AS133329,,0.00,0.00,43,
AS133335,IDNIC-PNP-AS-ID Politeknik Negeri Padang,0.00,0.00,132,
AS133337,IDNIC-MSS-AS-ID PT Menara Sinar Semesta,,,16,
AS133337,IDNIC-MSS-AS-ID PT Menara Sinar Semesta,0.00,0.00,16,
AS133339,CLOUDEXCHANGE-AS-ID DEWATA TELEMATIKA PT.,,,5,
AS133339,CLOUDEXCHANGE-AS-ID DEWATA TELEMATIKA PT.,0.00,0.00,5,
AS133343,IDNIC-BAPPENAS-AS-ID BADAN PERENCANAAN PEMBANGUNAN NASIONAL,0.00,0.00,127,
AS133347,IPC-AS-ID PT Indo Premier Securities,0.00,0.00,94,
AS133348,IDNIC-CNOOC-AS-ID CNOOC SES LTD.,,,2,
AS133348,IDNIC-CNOOC-AS-ID CNOOC SES LTD.,0.00,0.00,2,
AS133352,BPMNET-AS-ID PT. Berdikari Prima Mandiri,0.00,0.00,416,
AS133354,IDNIC-AKPA-AS-ID PT Anugerah Karunia Perkasa Abadi,0.00,0.00,834,
AS133355,IDNIC-POLBAN-AS-ID Politeknik Negeri Bandung,0.00,0.00,228,
AS133356,IDNIC-KINEZNETWORK-AS-ID PT. Kinez Network Solutions,0.00,0.00,398,
AS133357,IDNIC-TELU-AS-ID TELKOM UNIVERSITY,0.00,0.00,1779,
AS133360,IDNIC-AWINET-AS-ID Internet Service Provider,0.00,0.00,1109,
AS133361,IDNIC-UNPAR-AS-ID Universitas Katolik Parahyangan,0.00,0.00,606,
AS133364,IDNIC-PNJ-AS-ID Politeknik Negeri Jakarta,0.00,0.00,1214,
AS133735,MCKINSEY-AS-SG McKinsey  Company,,,5,
AS133735,MCKINSEY-AS-SG McKinsey  Company,0.00,0.00,5,
AS133796,KEMENDAG-AS-ID Subbid Sistem Jaringan dan Infrastruktur,0.00,0.00,1862,
AS133797,ACSATA-AS-ID PT Rekajasa Akses,0.00,0.00,3880,
AS133799,GOMEDS-AS-ID PT. GOMEDS NETWORK,,,42,
AS133799,GOMEDS-AS-ID PT. GOMEDS NETWORK,0.00,0.00,42,
AS133800,IDNIC-BIZNETCLOUDBLOCK-AS-ID PT Biznet Data Center,,,31,
AS133800,IDNIC-BIZNETCLOUDBLOCK-AS-ID PT Biznet Data Center,0.00,0.00,31,
AS133802,IDNIC-UNPAS-AS-ID Universitas Pasundan Bandung,,,12,
AS133802,IDNIC-UNPAS-AS-ID Universitas Pasundan Bandung,0.00,0.00,12,
AS133804,IDNIC-FIC-AS-ID PT FANGBIAN ISKAN CORPORINDO,,,2,
AS133804,IDNIC-FIC-AS-ID PT FANGBIAN ISKAN CORPORINDO,0.00,0.00,2,
AS133805,IDNIC-POLMAN-AS-ID Politeknik Manufaktur Negeri Bandung,,,39,
AS133805,IDNIC-POLMAN-AS-ID Politeknik Manufaktur Negeri Bandung,0.00,0.00,39,
AS133807,IDNIC-BPN-AS-ID Badan Pertanahan Nasional,0.00,0.00,365,
AS133808,JETCOMS-AS-ID PT Jetcoms Netindo,0.00,0.00,93,
AS133809,ARTORIUS-AS-ID PT. Artorius Telemetri Sentosa,0.00,0.00,75,
AS133812,IDNIC-LCMNETWORKS-ID LCM NETWORKS,,,18,
AS133812,IDNIC-LCMNETWORKS-ID LCM NETWORKS,0.00,0.00,18,
AS133814,SUMATERANET-AS-ID PT Sumatera Global Mediatek,0.00,0.00,508,
AS133816,IDNIC-ID Indonesia Network Information Center,0.00,0.00,293,
AS133817,INTIDATA-AS-ID PT Inti Data Telematika,0.00,0.00,872,
AS133819,CIM-AS-ID PT CITRA INFOMEDIA,0.00,0.00,169,
AS133822,IDNIC-KAI-AS-ID PT Kereta Api Indonesia (Persero),,,47,
AS133822,IDNIC-KAI-AS-ID PT Kereta Api Indonesia (Persero),0.00,0.00,47,
AS133824,IDNIC-UINMKS-AS-ID Universitas Islam Negeri Alauddin Makasar,,,34,
AS133824,IDNIC-UINMKS-AS-ID Universitas Islam Negeri Alauddin Makasar,0.00,0.00,34,
AS133825,IDNIC-UNPATTI-AS-ID Universitas Pattimura,0.00,0.00,92,
AS133826,IDNIC-DIKTI-AS-ID Direktorat Jenderal Pendidikan Tinggi,0.00,0.00,285,
AS133827,IDNIC-UII-AS-ID UNIVERSITAS ISLAM INDONESIA,0.00,0.00,966,
AS133828,DUTAMEDIALINK-AS-ID PT Duta Medialink,0.00,0.00,176,
AS133831,IDNIC-MAROSKAB-AS-ID Pemerintah Kabupaten Maros,0.00,0.00,72,
AS133832,IDNIC-MERCUBUANAYOGYA-AS-ID Universitas Mercu Buana Yogyakarta,0.00,0.00,64,
AS133834,IDNIC-ICBC-AS-ID Bank ICBC Indonesia,,,5,
AS133834,IDNIC-ICBC-AS-ID Bank ICBC Indonesia,0.00,0.00,5,
AS133835,IDNIC-XOFAST-AS-ID CV Xtra Prosolusindo,,,9,
AS133835,IDNIC-XOFAST-AS-ID CV Xtra Prosolusindo,0.00,0.00,9,
AS133838,INFOTEK-AS-ID PT Infotek Global Network,0.00,0.00,1954,
AS133839,IDNIC-TNGK-AS-ID Dinas Komunikasi dan Informatika Tangerang Kota,0.00,0.00,59,
AS133841,IDOLA-BROADBAND-AS-ID INDONESIA BROADBAND ACCESS - ANYWHERE,0.00,0.00,123,
AS133842,IDNIC-BNILIFE-AS-ID PT BNI Life Insurance,,,28,
AS133842,IDNIC-BNILIFE-AS-ID PT BNI Life Insurance,0.00,0.00,28,
AS133843,IDNIC-BRI-AS-ID PT Bank Rakyat Indonesia,0.00,0.00,269,
AS133844,IDNIC-UINSUSKA-AS-ID Universitas Islam Negeri Suska Riau,0.00,0.00,258,
AS133847,ICT-AS-AP Anpple Tech Enterprise,,,8,
AS133847,ICT-AS-AP Anpple Tech Enterprise,0.00,0.00,8,
AS134451,NME-INDONESIA-AS-AP NewMedia Express Pte Ltd,0.00,0.00,201,
AS134613,IDNIC-KUONI-AS-ID PT GTA Indonesia,,,7,
AS134613,IDNIC-KUONI-AS-ID PT GTA Indonesia,0.00,0.00,7,
AS134614,IDNIC-UNHAS-AS-ID Universitas Hasanuddin,,,22,
AS134614,IDNIC-UNHAS-AS-ID Universitas Hasanuddin,0.00,0.00,22,
AS134622,EKADATA-AS-ID Ekadata Internet Service Provider,,,3,
AS134622,EKADATA-AS-ID Ekadata Internet Service Provider,0.00,0.00,3,
AS134626,IDNIC-ARISTI-AS-ID PT. Aristi Jasadata,0.45,0.45,222,
AS134627,IDNIC-UKSW-AS-ID Universitas Kristen Satya Wacana,0.00,0.00,315,
AS134628,IDNIC-BIOS-AS-ID PT Bina Informasi Optima Solusindo,,,34,
AS134628,IDNIC-BIOS-AS-ID PT Bina Informasi Optima Solusindo,0.00,0.00,34,
AS134630,PALAPANET-AS-ID PT Palapa Global Nusantara,0.00,0.00,56,
AS134633,IDNIC-AHU-AS-ID Direktorat Jenderal Administrasi Hukum Umum,0.00,0.00,79,
AS134634,IDNIC-SALATIGA-AS-ID Sekretariat Daerah Kota Salatiga,,,41,
AS134634,IDNIC-SALATIGA-AS-ID Sekretariat Daerah Kota Salatiga,0.00,0.00,41,
AS134635,IDNIC-BANYUWANGIKAB-AS-ID Dinas Perhubungan, Komunikasi dan Informatika Kabupaten Banyuwangi,0.00,0.00,505,
AS134639,IDNIC-BABELPROV-AS-ID Pemerintah Provinsi Kepulauan Bangka Belitung,0.00,0.00,84,
AS134641,IDNIC-MAGETANKAB-AS-ID PEMERINTAH KABUPATEN MAGETAN,,,6,
AS134641,IDNIC-MAGETANKAB-AS-ID PEMERINTAH KABUPATEN MAGETAN,0.00,0.00,6,
AS134643,JKSNET-AS-ID PT Jaya Kartha Solusindo,0.00,0.00,156,
AS134644,CAKRAWALA-AS-ID PT Cakrawala Lintas Kepri,0.00,0.00,219,
AS134648,TIDAR-AS-ID PT Tidar Lintas Nusa,,,15,
AS134648,TIDAR-AS-ID PT Tidar Lintas Nusa,0.00,0.00,15,
AS134650,IDNIC-POLIBATAM-AS-ID Politeknik Negeri Batam,0.00,0.00,138,
AS134652,IDNIC-PPM-AS-ID PPM Manajemen,,,4,
AS134652,IDNIC-PPM-AS-ID PPM Manajemen,0.00,0.00,4,
AS134653,IDNIC-UHAMKA-AS-ID Universitas Muhammadiyah Prof. DR. HAMKA,0.00,0.00,90,
AS134655,DUMAIMANDIRINET-AS-ID PT. DUMAI MANDIRI NET,0.00,0.00,3249,
AS134656,IDNIC-CJI-AS-ID PT Cheil Jedang Indonesia,,,11,
AS134656,IDNIC-CJI-AS-ID PT Cheil Jedang Indonesia,0.00,0.00,11,
AS134658,JNETWORK-AS-ID PT JULIA MULTIMEDIA NUSANTARA,0.00,0.00,288,
AS134659,IDNIC-DISKOMINFODKI-AS-ID Diskominfo DKI Jakarta,0.00,0.00,69,
AS134661,IDNIC-SIF-AS-ID SHINHAN INDO FINANCE,,,33,
AS134661,IDNIC-SIF-AS-ID SHINHAN INDO FINANCE,0.00,0.00,33,
AS135035,ODT-AS-AP PT. Orion Data Teknologi,,,4,
AS135035,ODT-AS-AP PT. Orion Data Teknologi,0.00,0.00,4,
AS135439,ADNET-AS-ID PT ADNET MEDIA INDONESIA,0.00,0.00,439,
AS135440,IDNIC-PELINDO4-AS-ID PELABUHAN INDONESIA IV,,,2,
AS135440,IDNIC-PELINDO4-AS-ID PELABUHAN INDONESIA IV,0.00,0.00,2,
AS135441,IDNIC-FASAPAY-AS-ID PT. FASA CENTRA ARTAJAYA,0.00,0.00,58,
AS135442,IDNIC-ASDPINDONESIAFERRY-AS-ID PT. ASDP INDONESIAFERRY (PERSERO),,,25,
AS135442,IDNIC-ASDPINDONESIAFERRY-AS-ID PT. ASDP INDONESIAFERRY (PERSERO),0.00,0.00,25,
AS135449,BIPNET-AS-ID PT. Broadband Indonesia Pratama,0.00,0.00,418,
AS135450,IDNIC-BSTI-AS-ID PT Berkah Solusi Teknologi Informasi,0.00,0.00,384,
AS135451,IDNIC-MASNETWORK-AS-ID PT Media Alvina Sejati,,,5,
AS135451,IDNIC-MASNETWORK-AS-ID PT Media Alvina Sejati,0.00,0.00,5,
AS135453,IDNIC-BPTI-AS-ID BPTI PEMKOT TANGERANG SELATAN,0.00,0.00,69,
AS135454,IDNIC-AXATECH-AS-ID AXA Tech Indonesia,,,3,
AS135454,IDNIC-AXATECH-AS-ID AXA Tech Indonesia,0.00,0.00,3,
AS135459,GDSNETWORK-AS-ID PT.GLOBALRIAU DATA SOLUSI,,,3,
AS135459,GDSNETWORK-AS-ID PT.GLOBALRIAU DATA SOLUSI,0.00,0.00,3,
AS135461,IDNIC-PELINDO1-AS-ID PT Pelabuhan Indonesia I (Persero),0.00,0.00,172,
AS135464,IDNIC-WINETMEDIA-AS-ID Winet Media Persada,0.00,0.00,319,
AS135465,BITECH-AS-ID PT BINA TECHINDO SOLUTION,,,13,
AS135465,BITECH-AS-ID PT BINA TECHINDO SOLUTION,0.00,0.00,13,
AS135467,IDNIC-BUKOPIN-AS-ID PT. Bank Bukopin, Tbk,0.00,0.00,363,
AS135468,BNET-AS-ID PT. Wahana Internet Nusantara,0.00,0.00,246,
AS135469,IDNIC-PEMPROVGTLO-AS-ID Dinas Komunikasi, Informatika dan Statistik Provinsi Gorontalo,,,21,
AS135469,IDNIC-PEMPROVGTLO-AS-ID Dinas Komunikasi, Informatika dan Statistik Provinsi Gorontalo,0.00,0.00,21,
AS135474,FIZNET-AS-ID PT Hafiz Jaya Infotama,,,11,
AS135474,FIZNET-AS-ID PT Hafiz Jaya Infotama,0.00,0.00,11,
AS135477,JAVADIGITAL-AS-ID PT. Java Digital Nusantara,,,1,
AS135477,JAVADIGITAL-AS-ID PT. Java Digital Nusantara,0.00,0.00,1,
AS135478,ASN-CBNBROADBAND PT. Cyberindo Aditama,0.00,0.00,1030,
AS135479,IDNIC-XIRKA-AS-ID PT. XIRKA DAMA PERSADA,,,34,
AS135479,IDNIC-XIRKA-AS-ID PT. XIRKA DAMA PERSADA,0.00,0.00,34,
AS135480,IDNIC-AGTI-AS-ID PT. Arjuna Global Teknologi Indonesia,0.00,0.00,123,
AS135481,IDNIC-UNM-AS-ID Universitas Negeri Makassar,0.00,0.00,206,
AS135483,IDNIC-WISESACONSULTING-AS-ID PT. WISESA CONSULTING INDONESIA,0.00,0.00,87,
AS135484,BEST-AS-ID PT. Bentang Selaras Teknologi,0.00,0.00,61,
AS135487,IDNIC-YAYASANTARUMANAGARA-AS-ID UNTAR - YAYASAN TARUMANAGARA,,,33,
AS135487,IDNIC-YAYASANTARUMANAGARA-AS-ID UNTAR - YAYASAN TARUMANAGARA,0.00,0.00,33,
AS135636,RLAP-AS-AP Rackh Lintas Asia, pt,0.00,0.00,56,
AS136052,IDNIC-IDCLOUDHOST-AS-ID PT Cloud Hosting Indonesia,0.00,0.00,271,
AS136056,IDNIC-KALBENUTRITIONALS-AS-ID PT. Sanghiang Perkasa,,,1,
AS136056,IDNIC-KALBENUTRITIONALS-AS-ID PT. Sanghiang Perkasa,0.00,0.00,1,
AS136057,IDNIC-PLATINUMCYBER-AS-ID PT.PLATINUM CITRA INDONESIA,,,44,
AS136057,IDNIC-PLATINUMCYBER-AS-ID PT.PLATINUM CITRA INDONESIA,0.00,0.00,44,
AS136058,IDNIC-TRUNOJOYO-AS-ID UNIVERSITAS TRUNOJOYO MADURA,0.00,0.00,672,
AS136059,IDNIC-UNDANA-AS-ID Universitas Nusa Cendana,,,1,
AS136059,IDNIC-UNDANA-AS-ID Universitas Nusa Cendana,0.00,0.00,1,
AS136060,IDNIC-DISINFOLAHTAL-AS-ID Dinas Informasi dan Pengolahan Data TNI AL (DISINFOLAHTAL),,,2,
AS136060,IDNIC-DISINFOLAHTAL-AS-ID Dinas Informasi dan Pengolahan Data TNI AL (DISINFOLAHTAL),0.00,0.00,2,
AS136065,IDNIC-BEENET-AS-ID PT SOLUSI TRIMEGAH PERSADA,,,1,
AS136065,IDNIC-BEENET-AS-ID PT SOLUSI TRIMEGAH PERSADA,0.00,0.00,1,
AS136070,IDNIC-UNSRAT-AS-ID UNIVERSITAS SAM RATULANGI,0.00,0.00,93,
AS136071,IDNIC-P4TKMATEMATIKA-AS-ID PPPPTK MATEMATIKA,0.00,0.00,137,
AS136073,IDNIC-LKPP-AS-ID Lembaga Kebijakan Pengadaan BarangJasa Pemerintah,,,1,
AS136073,IDNIC-LKPP-AS-ID Lembaga Kebijakan Pengadaan BarangJasa Pemerintah,0.00,0.00,1,
AS136075,CINOXMEDIANET-AS-ID PT Cinoxmedia Network Indonesia,0.00,0.00,114,
AS136077,IDNIC-UNSRAT-AS-ID Universitas Islam Negeri Mataram,,,2,
AS136077,IDNIC-UNSRAT-AS-ID Universitas Islam Negeri Mataram,0.00,0.00,2,
AS136078,FOXLINE-AS-ID PT. FOXLINE MEDIADATA INDONUSA,,,1,
AS136078,FOXLINE-AS-ID PT. FOXLINE MEDIADATA INDONUSA,0.00,0.00,1,
AS136079,IDNIC-AMIKOM-AS-ID STMIK Amikom Yogyakarta,,,7,
AS136079,IDNIC-AMIKOM-AS-ID STMIK Amikom Yogyakarta,0.00,0.00,7,
AS136084,IDNIC-MAKMURSUPRANUSANTARA-AS-ID PT. MAKMUR SUPRA NUSANTARA,,,1
AS136084,IDNIC-MAKMURSUPRANUSANTARA-AS-ID PT. MAKMUR SUPRA NUSANTARA,0.00,0.00,1,
AS136094,,0.00,0.00,19,
